{
    "RMSE": 1181.6999407633057,
    "MAPE": 3.26712466776371,
    "R2": 0.9778010274795212
}