{
    "RMSE": 1287.2980424128673,
    "MAPE": 4.087045043706894,
    "R2": 0.9887842333732946
}