{
    "RMSE_train": 857.8078893318714,
    "MAPE_train": 2.6672514155507088,
    "RMSE_test": 814.25,
    "MAPE_test": 2.159605175256729
}